<?xml version="1.0" encoding="UTF-8"?>
<metadata xml:lang="en"><Esri><CreaDate>20151014</CreaDate><CreaTime>18191700</CreaTime><ArcGISFormat>1.0</ArcGISFormat><SyncOnce>TRUE</SyncOnce><DataProperties><lineage><Process ToolSource="c:\program files (x86)\arcgis\desktop10.3\ArcToolbox\Toolboxes\Spatial Analyst Tools.tbx\CreateConstantRaster" Date="20151014" Time="181917">CreateConstantRaster d:\GPQA\dataappliance\ViewshedGP\MD\OceanSurface\oceansurface.tif 0 INTEGER 0.005 "-118.841056031846 33.8899116341554 -118.230902231908 34.1666520790009"</Process></lineage></DataProperties></Esri></metadata>
